{
  "best_epoch": 49,
  "val_f1": 0.41015738411458497,
  "test_loss": 0.3712655156850815,
  "test_precision": 0.4579360597994138,
  "test_recall": 0.44796156224727657,
  "test_f1": 0.4273062084121992
}